comment_id,text,author,timestamp,likes,video_id,cleaned_text,cleaned_text_no_stopwords,sentiment_label,confidence_score,textblob_sentiment,textblob_polarity,textblob_subjectivity,vader_sentiment,vader_compound,vader_pos,vader_neu,vader_neg
comment_-3112990584277945118,"Note - Don‚Äôt create test PRs or issues on official repositories of projects as it is unprofessional. Try to test all the things in your own repo.

Ek aur Complete Tutorial   &
on this channel (Apna College YouTube) we have also taught tutorials of  :

- Complete SQL Course
- C Language Course
- Java DSA Course
- C++ DSA Course
- Python Tutorial
- Java Tutorial
- HTML & CSS in One Shot
- ReactJS
- Object Orientation with Java

Tabtak ke liye keep learning & keep coding!",,Unknown time,0,Ez8F0nW6S-w,note  dont create test prs or issues on official repositories of projects as it is unprofessional. try to test all the things in your own repo. ek aur complete tutorial  on this channel apna college youtube we have also taught tutorials of :  complete sql course  c language course  java dsa course  c dsa course  python tutorial  java tutorial  html  css in one shot  reactjs  object orientation with java tabtak ke liye keep learning  keep coding!,note dont create test prs issues official repositories projects unprofessional . try test things repo . ek aur complete tutorial channel apna college youtube also taught tutorials : complete sql course c language course java dsa course c dsa course python tutorial java tutorial html css one shot reactjs object orientation java tabtak ke liye keep learning keep coding !,Negative,0.46227999999999997,Positive,0.27499999999999997,0.6,Negative,-0.6604,0.0,0.932,0.068
comment_-8399106544026957532,Thank you Shradha didi and Apna college for this amazing tutorial of git and  GitHub. One of the best video on tutorial of git & GitHub in YouTube for beginners.,@ankitgupta1552,Unknown time,84,Ez8F0nW6S-w,thank you shradha didi and apna college for this amazing tutorial of git and github. one of the best video on tutorial of git  github in youtube for beginners.,thank shradha didi apna college amazing tutorial git github . one best video tutorial git github youtube beginners .,Positive,0.8521000000000001,Positive,0.8,0.6,Positive,0.9042,0.301,0.699,0.0
comment_7302959101101985569,"I just wanted to take a moment to thank you from the bottom of my heart for your incredible video on Git and GitHub. As a BTech IT student, I struggled to understand these concepts throughout my 4-year journey, but your explanation was so clear and well-structured that all my doubts were finally resolved. You have no idea how much this means to me! Your effort and dedication to creating such helpful content are truly appreciated. Thank you for making such a positive impact on my learning journey. Keep up the amazing work!",@JainilShah-2113,Unknown time,38,Ez8F0nW6S-w,"i just wanted to take a moment to thank you from the bottom of my heart for your incredible video on git and github. as a btech it student, i struggled to understand these concepts throughout my 4year journey, but your explanation was so clear and wellstructured that all my doubts were finally resolved. you have no idea how much this means to me! your effort and dedication to creating such helpful content are truly appreciated. thank you for making such a positive impact on my learning journey. keep up the amazing work!","wanted take moment thank bottom heart incredible video git github . btech student , struggled understand concepts throughout 4year journey , but explanation clear wellstructured doubts finally resolved . no idea much means ! effort dedication creating helpful content truly appreciated . thank making positive impact learning journey . keep amazing work !",Positive,0.6286484848484849,Positive,0.2696969696969697,0.5587542087542088,Positive,0.9876,0.315,0.627,0.058
comment_-7143959061663339914,"The best explanation anyone can find for Git and Github.. Thank You Ma'am...
Anyone watching this in Sept, 2024?",@TANMAYGOEL-q3y,Unknown time,315,Ez8F0nW6S-w,"the best explanation anyone can find for git and github.. thank you maam... anyone watching this in sept, 2024?","best explanation anyone find git github .. thank maam ... anyone watching sept , 2024 ?",Positive,0.88585,Positive,1.0,0.3,Positive,0.7717,0.283,0.717,0.0
comment_-3229154482517416341,I was roaming for Git here and there but finally I got it all. Thanks Apna College.,@quickSilverXMen,Unknown time,85,Ez8F0nW6S-w,i was roaming for git here and there but finally i got it all. thanks apna college.,roaming git but finally got . thanks apna college .,Positive,0.41489,Neutral,0.1,0.6,Positive,0.5927,0.194,0.806,0.0
comment_-6868270301289273855,"For those are facing the problem command (ls -a).Open the Terminal dropdown (next to the + icon) and select Select Default Profile. This will open a list of available shells, including Git Bash. Selecting Git Bash will set it as your default shell, and all future terminals will be opened with Git Bash.",@ayzeeawan5033,Unknown time,247,Ez8F0nW6S-w,"for those are facing the problem command ls a.open the terminal dropdown next to the  icon and select select default profile. this will open a list of available shells, including git bash. selecting git bash will set it as your default shell, and all future terminals will be opened with git bash.","facing problem command ls a.open terminal dropdown next icon select select default profile . open list available shells , including git bash . selecting git bash set default shell , future terminals opened git bash .",Negative,0.28132999999999997,Neutral,0.1,0.25625,Negative,-0.4019,0.0,0.95,0.05
comment_-8127283934745384770,"Completed this again on 17th June 2025. I learned it from you a year ago, but I forgot many things because I didn't use GitHub often.
Great content!
Thanks a lot, from Nepal!",@technicalaasheek,Unknown time,15,Ez8F0nW6S-w,"completed this again on 17th june 2025. i learned it from you a year ago, but i forgot many things because i didnt use github often. great content! thanks a lot, from nepal!","completed 17th june 2025. learned year ago , but forgot many things didnt use github often . great content ! thanks lot , nepal !",Positive,0.7425666666666667,Positive,0.5833333333333334,0.48333333333333334,Positive,0.9018,0.245,0.755,0.0
comment_-6812112614760854431,This is one of the best videos for the GIT and GITHUB i came across on the internet . & the best part is that its to the point .,@RavinderSingh-f1b,Unknown time,10,Ez8F0nW6S-w,this is one of the best videos for the git and github i came across on the internet .  the best part is that its to the point .,one best videos git github came across internet . best part point .,Positive,0.9277500000000001,Positive,1.0,0.3,Positive,0.8555,0.237,0.763,0.0
comment_5252388418382182881,"don""t use (ls -a) cause it is for mac user, use (ls -h) if you are using windows..!!",@harsh197,Unknown time,223,Ez8F0nW6S-w,"dont use ls a cause it is for mac user, use ls h if you are using windows..!!","dont use ls cause mac user , use ls h using windows .. ! !",Neutral,0.0,Neutral,0.0,0.0,Neutral,0.0,0.0,1.0,0.0
comment_-6830012508403646839,"Gajab padhate ho ... ma'am
Video dekhne ke baad toh confidence aa jaata hai really..",@anujyadav9833,Unknown time,5,Ez8F0nW6S-w,gajab padhate ho ... maam video dekhne ke baad toh confidence aa jaata hai really..,gajab padhate ho ... maam video dekhne ke baad toh confidence aa jaata hai really ..,Positive,0.35530000000000006,Positive,0.2,0.2,Positive,0.5106,0.191,0.809,0.0
comment_1273979262446919798,"For those who face problem with ""ls -a"" command.
To fix this, just change your terminal from powershell to git bash in Vs code.",@aenkkim,Unknown time,0,Ez8F0nW6S-w,"for those who face problem with ls a command. to fix this, just change your terminal from powershell to git bash in vs code.","face problem ls command . fix , change terminal powershell git bash vs code .",Negative,0.28132999999999997,Neutral,0.0,0.0,Negative,-0.4019,0.0,0.895,0.105
comment_-7929558930814734001,"Hatssoff to our sharddha didi. for teaching the whole git github in one tutorial.
i am not able to understand the git as scartch but now can learn it fully,.....",@Vishalllllllllllll,Unknown time,25,Ez8F0nW6S-w,"hatssoff to our sharddha didi. for teaching the whole git github in one tutorial. i am not able to understand the git as scartch but now can learn it fully,.....","hatssoff sharddha didi . teaching whole git github one tutorial . not able understand git scartch but learn fully , .....",Neutral,0.012499999999999997,Neutral,-0.024999999999999994,0.5125,Neutral,0.0,0.0,1.0,0.0
comment_-5455494169938226825,"I Complete the whole lecture in one day on 17 june 2025 
and this 1 hr 15 min lecture took me total 3 hours to complete with writing notes 
it was so hectic but feeling happy to complete it hurry!!!!!",@shrutimeshra1225,Unknown time,11,Ez8F0nW6S-w,i complete the whole lecture in one day on 17 june 2025 and this 1 hr 15 min lecture took me total 3 hours to complete with writing notes it was so hectic but feeling happy to complete it hurry!!!!!,complete whole lecture one day 17 june 2025 1 hr 15 min lecture took total 3 hours complete writing notes hectic but feeling happy complete hurry ! ! ! ! !,Positive,0.5525313151041666,Positive,0.2508626302083334,0.5583333333333333,Positive,0.8542,0.18,0.82,0.0
comment_-1545101313246874887,"0:00 Introduction
1:07 Git Introduction
5:00 GitHub Introduction
7:25 Setting Up GitHub
 Setting Up Git
 Configuring Git
 Working with VS Code
 Clone and Status
 Add and Commit
 Push Command
 Init Command
 Work Flow
 Git Branches
 Branch Commands
 Merging Code
 Pull Request
 Pull Command
 Resolving Merge Conflicts
 Undoing Changes
 Fork
Wish you guys the Best of Luck!",@mayursrivastav9077,Unknown time,0,Ez8F0nW6S-w,0:00 introduction 1:07 git introduction 5:00 github introduction 7:25 setting up github setting up git configuring git working with vs code clone and status add and commit push command init command work flow git branches branch commands merging code pull request pull command resolving merge conflicts undoing changes fork wish you guys the best of luck!,0:00 introduction 1:07 git introduction 5:00 github introduction 7:25 setting github setting git configuring git working vs code clone status add commit push command init command work flow git branches branch commands merging code pull request pull command resolving merge conflicts undoing changes fork wish guys best luck !,Positive,0.954,Positive,1.0,0.3,Positive,0.908,0.222,0.74,0.038
comment_-7638794892135956452,"many many thanks for this video
i had a problem almost 3 days not fixed my problem
but right now all problem solve its a very easily solve u",@munnaKhan-ro8sg,Unknown time,17,Ez8F0nW6S-w,many many thanks for this video i had a problem almost 3 days not fixed my problem but right now all problem solve its a very easily solve u,many many thanks video problem almost 3 days not fixed problem but right problem solve easily solve u,Positive,0.5037373015873016,Positive,0.3331746031746032,0.48928571428571427,Positive,0.6743,0.303,0.559,0.137
comment_-1125226030057996938,"Thank you so much ma'am . I was so confused regarding git and felt like i could never understand it ut thanks to you , I finally did and i could not believe it.  Hands down, the best coding channel.",@asnakhan7215,Unknown time,3,Ez8F0nW6S-w,"thank you so much maam . i was so confused regarding git and felt like i could never understand it ut thanks to you , i finally did and i could not believe it. hands down, the best coding channel.","thank much maam . confused regarding git felt like could never understand ut thanks , finally could not believe . hands , best coding channel .",Positive,0.49267037037037037,Positive,0.14074074074074075,0.448148148148148,Positive,0.8446,0.242,0.699,0.06
comment_5391916571451912612,"This has become a source of spam PRs in the express js repo.

Please stop making PRs on real projects. You can practise by creating, forking, pushing to YOUR OWN repo.

I think apna college should take responsibility and take this video down (or trim the github demo). Help the maintainers of express js in reducing the spam PRs.",@tusharsnx,Unknown time,0,Ez8F0nW6S-w,"this has become a source of spam prs in the express js repo. please stop making prs on real projects. you can practise by creating, forking, pushing to your own repo. i think apna college should take responsibility and take this video down or trim the github demo. help the maintainers of express js in reducing the spam prs.","become source spam prs express js repo . please stop making prs real projects . practise creating , forking , pushing repo . think apna college take responsibility take video trim github demo . help maintainers express js reducing spam prs .",Positive,0.15037037037037038,Positive,0.21481481481481482,0.5296296296296297,Neutral,0.0,0.107,0.786,0.107
comment_8995664931719424401,Becoz of this type of video genuine Indian contributors are also labelled as spammers..,@sirargupta,Unknown time,512,Ez8F0nW6S-w,becoz of this type of video genuine indian contributors are also labelled as spammers..,becoz type video genuine indian contributors also labelled spammers ..,Positive,0.27999999999999997,Positive,0.4,0.5,Negative,-0.3818,0.0,0.833,0.167
comment_2020469590890868395,Didi hame aapka video dekhte dekhte bahut neend aati hai relaxing voice hai aapki,@IshikaSingh-bj3hn,Unknown time,6,Ez8F0nW6S-w,didi hame aapka video dekhte dekhte bahut neend aati hai relaxing voice hai aapki,didi hame aapka video dekhte dekhte bahut neend aati hai relaxing voice hai aapki,Positive,0.34573,Neutral,0.0,0.0,Positive,0.4939,0.198,0.802,0.0
comment_6794685703559631292,Can you show a banner to not spam ExpressJS?,@ashishjha9262,Unknown time,0,Ez8F0nW6S-w,can you show a banner to not spam expressjs?,show banner not spam expressjs ?,Positive,0.19285,Neutral,0.0,0.0,Positive,0.2755,0.209,0.791,0.0
comment_-2897427153998453223,Guys while i have parllely tried to do the same i have encountered few errors just used gpt it made me understand the problems more proficiently.Mam that's a another excellent work of yours.,@vamsikrishna-j9n,Unknown time,27,Ez8F0nW6S-w,guys while i have parllely tried to do the same i have encountered few errors just used gpt it made me understand the problems more proficiently.mam thats a another excellent work of yours.,guys parllely tried encountered errors used gpt made understand problems proficiently.mam thats another excellent work .,Positive,0.22749999999999998,Positive,0.325,0.43125,Negative,-0.1027,0.095,0.773,0.131
comment_7232291560813510885,Great work Sharda Ma'm (aka Didi). There would be many teaching Git on YT but the way you taught is an excellent effort. I'm from Pakistan but I must say Zindabad Sharda Didi from India. Well done!,@MeetGrowthArbor,Unknown time,3,Ez8F0nW6S-w,great work sharda mam aka didi. there would be many teaching git on yt but the way you taught is an excellent effort. im from pakistan but i must say zindabad sharda didi from india. well done!,great work sharda mam aka didi . would many teaching git yt but way taught excellent effort . im pakistan but must say zindabad sharda didi india . well done !,Positive,0.8281333333333333,Positive,0.7666666666666666,0.75,Positive,0.8896,0.237,0.763,0.0
comment_5342334558264997848,OMG commit and add krte krte puri zindagi nikal jayegi.,@Adityasm27,Unknown time,30,Ez8F0nW6S-w,omg commit and add krte krte puri zindagi nikal jayegi.,omg commit add krte krte puri zindagi nikal jayegi .,Positive,0.20719999999999997,Neutral,0.0,0.0,Positive,0.296,0.196,0.804,0.0
comment_6917425179957171767,"wonderful video, the things that i couldn't learn from paid a course, got fully understood in it.",@shushantsingh7022,Unknown time,1,Ez8F0nW6S-w,"wonderful video, the things that i couldnt learn from paid a course, got fully understood in it.","wonderful video , things couldnt learn paid course , got fully understood .",Positive,0.7859499999999999,Positive,1.0,1.0,Positive,0.5719,0.188,0.812,0.0
comment_132253034497168283,Great Miss. You have done amazing job. I have take your full lecture. very helpful.,@anjumzahid789,Unknown time,6,Ez8F0nW6S-w,great miss. you have done amazing job. i have take your full lecture. very helpful.,great miss . done amazing job . take full lecture . helpful .,Positive,0.68665,Positive,0.4875,0.625,Positive,0.8858,0.466,0.466,0.068
comment_-5127773344752074823,Aaj hi mujhe git or git hub padhna tha...or aapka video aa gya .....what a luck,@ShaluTiwari60480,Unknown time,38,Ez8F0nW6S-w,aaj hi mujhe git or git hub padhna tha...or aapka video aa gya .....what a luck,aaj hi mujhe git git hub padhna tha ... aapka video aa gya ..... luck,Positive,0.32115999999999995,Neutral,0.0,0.0,Positive,0.4588,0.167,0.833,0.0
comment_7225475619545509549,"I have a Product manager for last 16 years, always felt I am missing a hands on Github. Thanks Apnacollege team for creating meaningful content. Looking forward to learn more from you guys :) Cheers",@chaturvedirishab,Unknown time,3,Ez8F0nW6S-w,"i have a product manager for last 16 years, always felt i am missing a hands on github. thanks apnacollege team for creating meaningful content. looking forward to learn more from you guys : cheers","product manager last 16 years , always felt missing hands github . thanks apnacollege team creating meaningful content . looking forward learn guys : cheers",Positive,0.5037,Positive,0.2,0.2633333333333333,Positive,0.8074,0.246,0.703,0.052
comment_-3651237937289699851,"0:00 Introduction
1:07 Git Introduction
5:00 GitHub Introduction
7:25 Setting Up GitHub
 Setting Up Git
 Configuring Git
 Working with VS Code
 Clone and Status
 Add and Commit
 Push Command
 Init Command
 Work Flow",@debprosad6890,Unknown time,60,Ez8F0nW6S-w,0:00 introduction 1:07 git introduction 5:00 github introduction 7:25 setting up github setting up git configuring git working with vs code clone and status add and commit push command init command work flow,0:00 introduction 1:07 git introduction 5:00 github introduction 7:25 setting github setting git configuring git working vs code clone status add commit push command init command work flow,Positive,0.20719999999999997,Neutral,0.0,0.0,Positive,0.296,0.064,0.936,0.0
comment_-8095582349032458806,Thank  you for such an incrediable tutorail Shardha  didi,@MDFaiz-il3ub,Unknown time,1,Ez8F0nW6S-w,thank you for such an incrediable tutorail shardha didi,thank incrediable tutorail shardha didi,Positive,0.25284,Neutral,0.0,0.5,Positive,0.3612,0.238,0.762,0.0
comment_-4397099837347861102,dude take this down causing a huge ruckus amng devs,@chaitanya812,Unknown time,293,Ez8F0nW6S-w,dude take this down causing a huge ruckus amng devs,dude take causing huge ruckus amng devs,Positive,0.22021111111111108,Positive,0.1222222222222222,0.5944444444444444,Positive,0.3182,0.204,0.796,0.0
comment_1525426873102898011,"This video is very awesome......I understood everything...I was facing a lot of problems and time learning git/github...but the way you explained, I understood it very easily......thanks for the effort you make teaching hundreds and thousands even much more and explaining it in a simplified manner",@BangtanChic.mp4,Unknown time,21,Ez8F0nW6S-w,"this video is very awesome......i understood everything...i was facing a lot of problems and time learning gitgithub...but the way you explained, i understood it very easily......thanks for the effort you make teaching hundreds and thousands even much more and explaining it in a simplified manner","video awesome ...... understood everything ... facing lot problems time learning gitgithub ... but way explained , understood easily ...... thanks effort make teaching hundreds thousands even much explaining simplified manner",Negative,0.28132999999999997,Positive,0.3,0.3666666666666667,Negative,-0.4019,0.0,0.942,0.058
comment_-7908755824821260642,Amazing video for the beginner. Salute ü´° to your hard word to create this video,@zeeshansayyed6080,Unknown time,0,Ez8F0nW6S-w,amazing video for the beginner. salute  to your hard word to create this video,amazing video beginner . salute hard word create video,Positive,0.41233333333333333,Positive,0.1541666666666667,0.7208333333333333,Positive,0.6705,0.322,0.601,0.077
comment_6856100606574888361,"Bhaiya 12th pass hone ke baad bhi it sector me inki vajah se aa paya .
Inki avaj sunker hi coding sikhi or aaj mis team lead hu .
With amazing package thanks a lot di",@Reva_Prime,Unknown time,33,Ez8F0nW6S-w,bhaiya 12th pass hone ke baad bhi it sector me inki vajah se aa paya . inki avaj sunker hi coding sikhi or aaj mis team lead hu . with amazing package thanks a lot di,bhaiya 12th pass hone ke baad bhi sector inki vajah se aa paya . inki avaj sunker hi coding sikhi aaj mis team lead hu . amazing package thanks lot di,Positive,0.58585,Positive,0.4,0.55,Positive,0.7717,0.165,0.835,0.0
comment_-7418724028332496650,"Edit out that part, you've already screwed up the repo",@machlangsambruder,Unknown time,96,Ez8F0nW6S-w,"edit out that part, youve already screwed up the repo","edit part , youve already screwed repo",Negative,0.34573,Neutral,0.0,0.0,Negative,-0.4939,0.0,0.738,0.262
comment_8676411812244282994,Excellent presentation and the lecture is outstanding. Just loved it.,@mathict,Unknown time,1,Ez8F0nW6S-w,excellent presentation and the lecture is outstanding. just loved it.,excellent presentation lecture outstanding . loved .,Positive,0.8225666666666667,Positive,0.7333333333333334,0.8916666666666666,Positive,0.9118,0.624,0.376,0.0
comment_8022632941055856090,"Finally, I have completed this video, thank you so much Shraddha ma'm for this. It's one of the best GitHub video , easy to understand. You cleared my all doubts, now I'm feeling confident. so thank so you much ma'm",@romimawandia4817,Unknown time,10,Ez8F0nW6S-w,"finally, i have completed this video, thank you so much shraddha mam for this. its one of the best github video , easy to understand. you cleared my all doubts, now im feeling confident. so thank so you much mam","finally , completed video , thank much shraddha mam . one best github video , easy understand . cleared doubts , im feeling confident . thank much mam",Positive,0.6623944444444444,Positive,0.3888888888888889,0.5611111111111112,Positive,0.9359,0.351,0.607,0.042
comment_-762136664550225159,Apna college is One stop solution for all the problems,@sujathad7077,Unknown time,16,Ez8F0nW6S-w,apna college is one stop solution for all the problems,apna college one stop solution problems,Negative,0.26725999999999994,Neutral,0.0,0.0,Negative,-0.3818,0.162,0.493,0.345
comment_-2782280841418768117,i have never experience my time so profitably spend on watching some youtube video for learning some new concept .Excellent video on git and git hub. I had no idea of git  and github before and after watching it i am feeling like a pro. you are an amazing teacher . please make some videos about automation tools like terraform and ansible.,@Asmamahdi-f8x,Unknown time,0,Ez8F0nW6S-w,i have never experience my time so profitably spend on watching some youtube video for learning some new concept .excellent video on git and git hub. i had no idea of git and github before and after watching it i am feeling like a pro. you are an amazing teacher . please make some videos about automation tools like terraform and ansible.,never experience time profitably spend watching youtube video learning new concept .excellent video git git hub . no idea git github watching feeling like pro . amazing teacher . please make videos automation tools like terraform ansible .,Positive,0.6577909090909091,Positive,0.3681818181818182,0.6772727272727272,Positive,0.9474,0.259,0.712,0.029
comment_1462768910772381513,"So much hate in the comments for something she did not intend to promote. People, please use common sense. If you cannot use common sense, it will be a tough road ahead on your programming journey.",@vajrasar,Unknown time,15,Ez8F0nW6S-w,"so much hate in the comments for something she did not intend to promote. people, please use common sense. if you cannot use common sense, it will be a tough road ahead on your programming journey.","much hate comments something not intend promote . people , please use common sense . not use common sense , tough road ahead programming journey .",Negative,0.5514111111111111,Negative,-0.44722222222222224,0.6833333333333333,Negative,-0.6556,0.055,0.763,0.183
comment_1159287583219208941,Thank you! I actually learned Git and Git hub in an hour with your tutorial.,@shikhayadav4291,Unknown time,11,Ez8F0nW6S-w,thank you! i actually learned git and git hub in an hour with your tutorial.,thank ! actually learned git git hub hour tutorial .,Positive,0.29392999999999997,Neutral,0.0,0.1,Positive,0.4199,0.166,0.834,0.0
comment_-1734562073778583506,"Wow, what an explanation that too in just 1 hr 15 mins, best video on Git and GitHub!!Thank you!!",@MEGHASHAH-s2d,Unknown time,0,Ez8F0nW6S-w,"wow, what an explanation that too in just 1 hr 15 mins, best video on git and github!!thank you!!","wow , explanation 1 hr 15 mins , best video git github ! ! thank ! !",Positive,0.7149000000000001,Positive,0.55,0.65,Positive,0.8798,0.35,0.65,0.0
comment_6722501492252376822,1:13:04 main culprit 5 month ke bad bomb phuta,@mukulkumar5133,Unknown time,145,Ez8F0nW6S-w,1:13:04 main culprit 5 month ke bad bomb phuta,1:13:04 main culprit 5 month ke bad bomb phuta,Negative,0.5191833333333333,Negative,-0.2666666666666666,0.5,Negative,-0.7717,0.0,0.511,0.489
comment_4374744079122381305,Ma'am please upload Java script series as soon as possible,@shivammishra6482,Unknown time,12,Ez8F0nW6S-w,maam please upload java script series as soon as possible,maam please upload java script series soon possible,Positive,0.22273999999999997,Neutral,0.0,1.0,Positive,0.3182,0.204,0.796,0.0
comment_-628839847262609815,"Great explanation, i am new to IT so started to learn this. This was very interesting to learn and the concepts explained were spot-on. Thank you for such a course.",@MHemanthKumar-d1t,Unknown time,2,Ez8F0nW6S-w,"great explanation, i am new to it so started to learn this. this was very interesting to learn and the concepts explained were spoton. thank you for such a course.","great explanation , new started learn . interesting learn concepts explained spoton . thank course .",Positive,0.6293954545454545,Positive,0.3965909090909091,0.5886363636363636,Positive,0.8622,0.262,0.738,0.0
comment_7332271791256747276,Most awaited video,@aryanbansal1290,Unknown time,6,Ez8F0nW6S-w,most awaited video,awaited video,Positive,0.35,Positive,0.5,0.5,Negative,-0.101,0.0,0.589,0.411
comment_6373584489779048043,"It's really amazing after learning a lot many new things about git and GitHub. Although I'm completely new to GitHub,but concepts were taught so nicely that I can finally use those commands at least on the intermediate level...",@pragyas_direction,Unknown time,1,Ez8F0nW6S-w,"its really amazing after learning a lot many new things about git and github. although im completely new to github,but concepts were taught so nicely that i can finally use those commands at least on the intermediate level...","really amazing learning lot many new things git github . although im completely new github , but concepts taught nicely finally use commands least intermediate level ...",Positive,0.5360305194805195,Positive,0.23896103896103896,0.6727272727272727,Positive,0.8331,0.179,0.821,0.0
comment_7042405558019328222,Very crisp and solid tutorial. Helpful and easy to understand.,@samyukta4369,Unknown time,11,Ez8F0nW6S-w,very crisp and solid tutorial. helpful and easy to understand.,crisp solid tutorial . helpful easy understand .,Positive,0.5075888888888889,Positive,0.25277777777777777,0.4916666666666667,Positive,0.7624,0.519,0.481,0.0
comment_-981988325752506085,I was searching for the same topic but at same time this notification came... Thank You mam,@Engineering_Girl,Unknown time,13,Ez8F0nW6S-w,i was searching for the same topic but at same time this notification came... thank you mam,searching topic but time notification came ... thank mam,Positive,0.35161,Neutral,0.0,0.125,Positive,0.5023,0.169,0.831,0.0
comment_5806889366130742059,I just want to say it is not easy but it definitely will. Keep grinding i know your commands are not working u r taking a lot of time to write but trust the process u will succeed,@yupyupyoyo,Unknown time,0,Ez8F0nW6S-w,i just want to say it is not easy but it definitely will. keep grinding i know your commands are not working u r taking a lot of time to write but trust the process u will succeed,want say not easy but definitely . keep grinding know commands not working u r taking lot time write but trust process u succeed,Positive,0.64008,Negative,-0.10833333333333334,0.6666666666666667,Positive,0.9144,0.279,0.685,0.035
comment_-8251802285924436778,Thank you so much for this tutorial Ô∏è,@NishantAndFlute,Unknown time,6,Ez8F0nW6S-w,thank you so much for this tutorial,thank much tutorial,Positive,0.2806,Positive,0.2,0.2,Positive,0.3612,0.294,0.706,0.0
comment_-6778905897967617374,Simply amazing tutorial - I can feel the confidence in her teaching and that's what makes it easy to learn and retain the knowledge. Thanks a lot. (not a complain but do you think we miss #git log command? I heard it's used a lot),@yasirhussain5883,Unknown time,5,Ez8F0nW6S-w,simply amazing tutorial  i can feel the confidence in her teaching and thats what makes it easy to learn and retain the knowledge. thanks a lot. not a complain but do you think we miss log command? i heard its used a lot,simply amazing tutorial feel confidence teaching thats makes easy learn retain knowledge . thanks lot . not complain but think miss log command ? heard used lot,Positive,0.5692555555555556,Positive,0.41111111111111115,0.6444444444444445,Positive,0.7274,0.205,0.757,0.039
comment_7292136742740916099,You are actually a great and motivative teacher ever! I am full stack developer but if I have any problem first I watch your channel.,@mamoonaemma,Unknown time,0,Ez8F0nW6S-w,you are actually a great and motivative teacher ever! i am full stack developer but if i have any problem first i watch your channel.,actually great motivative teacher ever ! full stack developer but problem first watch channel .,Positive,0.3733333333333333,Positive,0.5333333333333333,0.5444444444444444,Negative,-0.3164,0.087,0.783,0.131
comment_-7276499112559824477,Ho gya revision git ka sirf 50 minutes ma (1.5x)   . Thanks aapna college  .,@blackhole1617,Unknown time,30,Ez8F0nW6S-w,ho gya revision git ka sirf 50 minutes ma 1.5x . thanks aapna college .,ho gya revision git ka sirf 50 minutes 1.5x . thanks aapna college .,Positive,0.32020000000000004,Positive,0.2,0.2,Positive,0.4404,0.172,0.828,0.0
comment_5045143437286914618,"Git Commands [Till WorkFlow (49:10)]

24:06 - Clone
27:01 - List files (ls)
 - List hidden files (ls -a)
 - Status of project
 - Add
 - To Add all files (git add .)
 - Commit
 - Push (Show changes in Github website)
 - Exit directory in vs code (cd ..)
 - Make new folder (mkdir)
 - git init command
 - git remote add origin command
 - git remote -v
 - git branch
 - git branch -M main
 - git push -u origin  main",@bethlehem9757,Unknown time,5,Ez8F0nW6S-w,git commands till workflow 49:10 24:06  clone 27:01  list files ls  list hidden files ls a  status of project  add  to add all files git add .  commit  push show changes in github website  exit directory in vs code cd ..  make new folder mkdir  git init command  git remote add origin command  git remote v  git branch  git branch m main  git push u origin main,git commands till workflow 49:10 24:06 clone 27:01 list files ls list hidden files ls status project add add files git add . commit push show changes github website exit directory vs code cd .. make new folder mkdir git init command git remote add origin command git remote v git branch git branch main git push u origin main,Positive,0.20719999999999997,Neutral,0.017171717171717168,0.309090909090909,Positive,0.296,0.032,0.968,0.0
comment_-4674523103934585293,Thank you mam for this wonderful learning . I have seen lots of class of other also to understand git and github but they are unable to give me the git information in this simple way and easy to understand .,@ankitvatsofficial,Unknown time,1,Ez8F0nW6S-w,thank you mam for this wonderful learning . i have seen lots of class of other also to understand git and github but they are unable to give me the git information in this simple way and easy to understand .,thank mam wonderful learning . seen lots class also understand git github but unable give git information simple way easy understand .,Positive,0.4841833333333333,Positive,0.16166666666666668,0.6130952380952381,Positive,0.8067,0.179,0.821,0.0
comment_29464284087336171,Most Lovable platform for Coding,@tecboost8176,Unknown time,11,Ez8F0nW6S-w,most lovable platform for coding,lovable platform coding,Positive,0.5739000000000001,Positive,0.5,0.5,Positive,0.6478,0.518,0.482,0.0
comment_-4280951251483741030,First of all thank you so much for these type of content for the people who want to learn new things your video help many people to upgrade their knowledge and if possible please add one series on spring and spring boot in java,@vwaspies9971,Unknown time,7,Ez8F0nW6S-w,first of all thank you so much for these type of content for the people who want to learn new things your video help many people to upgrade their knowledge and if possible please add one series on spring and spring boot in java,first thank much type content people want learn new things video help many people upgrade knowledge possible please add one series spring spring boot java,Positive,0.49778636363636364,Positive,0.21727272727272728,0.49757575757575756,Positive,0.7783,0.18,0.82,0.0
comment_-2704887347274641922,Thankx Shraddha Mam for this awesome simple video. i understand all concpts very well and practice it once.  Thankyou so much,@dhananjayjadhav7568,Unknown time,1,Ez8F0nW6S-w,thankx shraddha mam for this awesome simple video. i understand all concpts very well and practice it once. thankyou so much,thankx shraddha mam awesome simple video . understand concpts well practice . thankyou much,Positive,0.57785,Positive,0.35,0.4642857142857143,Positive,0.8057,0.277,0.723,0.0
comment_-2618093079894494140,The only responsible thing to do is take this video down,@TomDoesTech,Unknown time,73,Ez8F0nW6S-w,the only responsible thing to do is take this video down,responsible thing take video,Positive,0.22273999999999997,Neutral,0.014814814814814817,0.612962962962963,Positive,0.3182,0.187,0.813,0.0
comment_-4581090821078966445,"Give this command  ""Get-ChildItem -Force"" instead of   ls -a",@MRYASH555,Unknown time,10,Ez8F0nW6S-w,give this command getchilditem force instead of ls a,give command getchilditem force instead ls,Neutral,0.0,Neutral,0.0,0.0,Neutral,0.0,0.0,1.0,0.0
comment_5847478370382831818,Thank you Di...finally I learnt how to use Git and GitHub and got broaden idea about their usage.,@deepanjalikumari237,Unknown time,1,Ez8F0nW6S-w,thank you di...finally i learnt how to use git and github and got broaden idea about their usage.,thank di ... finally learnt use git github got broaden idea usage .,Positive,0.25284,Neutral,0.0,0.0,Positive,0.3612,0.128,0.872,0.0
comment_-5794456294112665280,"I'll stop at 57:00 will come back later when i'm working on a project with other people 

This was a very amazing demo, thanks",@KiorSinn,Unknown time,5,Ez8F0nW6S-w,"ill stop at 57:00 will come back later when im working on a project with other people this was a very amazing demo, thanks","ill stop 57:00 come back later im working project people amazing demo , thanks",Positive,0.35237999999999997,Neutral,0.059166666666666694,0.4291666666666667,Positive,0.5034,0.225,0.62,0.155
comment_-7922719721016227617,Please report this video. She needs to understand that pinning a comment is not helping the situation. It's tarnishing the image of the country and it seems that she couldn't care less.,@arulmanivenkatesh8843,Unknown time,15,Ez8F0nW6S-w,please report this video. she needs to understand that pinning a comment is not helping the situation. its tarnishing the image of the country and it seems that she couldnt care less.,please report video . needs understand pinning comment not helping situation . tarnishing image country seems couldnt care less .,Negative,0.2331333333333333,Negative,-0.16666666666666666,0.06666666666666667,Negative,-0.2996,0.064,0.81,0.126
comment_7976238608225085912,Thanks alot Shraddha didi and apna college for this wonderful class. I was really stuck at the very start of my learning process of git and git hub. Your video was really helpful.,@Nisha13Purohit,Unknown time,0,Ez8F0nW6S-w,thanks alot shraddha didi and apna college for this wonderful class. i was really stuck at the very start of my learning process of git and git hub. your video was really helpful.,thanks alot shraddha didi apna college wonderful class . really stuck start learning process git git hub . video really helpful .,Positive,0.6015999999999999,Positive,0.36,0.38,Positive,0.8432,0.249,0.696,0.055
comment_4349408986278359422,Mam waiting for alpha 6.0 to  launch,@rrammohonrav6150,Unknown time,8,Ez8F0nW6S-w,mam waiting for alpha 6.0 to launch,mam waiting alpha 6.0 launch,Neutral,0.0,Neutral,0.0,0.0,Neutral,0.0,0.0,1.0,0.0
comment_-5780935851954233935,"At 1:14:05, she has explicitly mentioned to not make unnecessary changes unless u have something useful to contribute. Even after this if people are not listening then the blame is on the contributors and not @ApnaCollegeOfficial",@c19souravchowdhury21,Unknown time,68,Ez8F0nW6S-w,"at 1:14:05, she has explicitly mentioned to not make unnecessary changes unless u have something useful to contribute. even after this if people are not listening then the blame is on the contributors and not","1:14:05 , explicitly mentioned not make unnecessary changes unless u something useful contribute . even people not listening blame contributors not",Positive,0.0896,Neutral,-0.05000000000000002,0.45,Positive,0.128,0.076,0.862,0.063
comment_-2531242964926606366,1:13:00,@nikhilsawant4541,Unknown time,22,Ez8F0nW6S-w,1:13:00,1:13:00,Neutral,0.0,Neutral,0.0,0.0,Neutral,0.0,0.0,1.0,0.0
comment_7995673402574666486,Thanks Mam for this oneshot learned everything .,@gearvize,Unknown time,2,Ez8F0nW6S-w,thanks mam for this oneshot learned everything .,thanks mam oneshot learned everything .,Positive,0.32020000000000004,Positive,0.2,0.2,Positive,0.4404,0.293,0.707,0.0
comment_4956533262877180792,Please do one shot of R and statistics using R,@AmanSingh-to3so,Unknown time,13,Ez8F0nW6S-w,please do one shot of r and statistics using r,please one shot r statistics using r,Positive,0.22273999999999997,Neutral,0.0,0.0,Positive,0.3182,0.204,0.796,0.0
comment_-1572065171625519292,Please mam give an offer on delta 2.O course,@Dollygour346,Unknown time,7,Ez8F0nW6S-w,please mam give an offer on delta 2.o course,please mam give offer delta 2.o course,Positive,0.22273999999999997,Neutral,0.0,0.0,Positive,0.3182,0.223,0.777,0.0
comment_-6856610990682404749,your way of speaking is awesome,@dksingh9771,Unknown time,1,Ez8F0nW6S-w,your way of speaking is awesome,way speaking awesome,Positive,0.81245,Positive,1.0,1.0,Positive,0.6249,0.451,0.549,0.0
comment_1629791153808395340,Iss video ne to bawal macha dala. But galti to bewakuufo ki hai jo bina proper dekhe sune hagne aa gaye git hub pe.,@adviththegreat5610,Unknown time,5,Ez8F0nW6S-w,iss video ne to bawal macha dala. but galti to bewakuufo ki hai jo bina proper dekhe sune hagne aa gaye git hub pe.,iss video ne bawal macha dala . but galti bewakuufo ki hai jo bina proper dekhe sune hagne aa gaye git hub pe .,Neutral,0.0,Neutral,0.0,0.1,Neutral,0.0,0.0,1.0,0.0
comment_-5181497255294720541,YOU GUYS BETTER TAKE THIS VIDEO DOWN RN !!!,@sahadpop4135,Unknown time,9,Ez8F0nW6S-w,you guys better take this video down rn !!!,guys better take video rn ! ! !,Positive,0.40781999999999996,Neutral,0.09809027777777779,0.3944444444444445,Positive,0.5826,0.321,0.679,0.0
comment_4084397174612646533,Thanks Shradha Mam I am watch Your video you step by step guaide thanks,@prajvaljadhav07,Unknown time,1,Ez8F0nW6S-w,thanks shradha mam i am watch your video you step by step guaide thanks,thanks shradha mam watch video step step guaide thanks,Positive,0.45015000000000005,Positive,0.2,0.2,Positive,0.7003,0.326,0.674,0.0
comment_-8694876320151074753,Can you give an offer on delta 2.O course,@truedevice,Unknown time,22,Ez8F0nW6S-w,can you give an offer on delta 2.o course,give offer delta 2.o course,Neutral,0.0,Neutral,0.0,0.0,Neutral,0.0,0.0,1.0,0.0
comment_4880965693343292708,"If you are having an error with ""ls -a"" then use either ""ls -la"" OR ""ls -force""",@TSSsniper,Unknown time,13,Ez8F0nW6S-w,if you are having an error with ls a then use either ls la or ls force,error ls use either ls la ls force,Negative,0.28132999999999997,Neutral,0.0,0.0,Negative,-0.4019,0.0,0.856,0.144
comment_-424749953655683679,"Thanks for video, very helpful, keep making new tutorials!",@syedmajid3202,Unknown time,1,Ez8F0nW6S-w,"thanks for video, very helpful, keep making new tutorials!","thanks video , helpful , keep making new tutorials !",Positive,0.4660257575757576,Positive,0.19015151515151515,0.3181818181818182,Positive,0.7419,0.473,0.527,0.0
comment_1978685804589856997,"0:00- Introduction
1:07- Git Introduction
5:00- GitHub Introduction
7:25- Setting Up GitHub
- Setting Up Git
- Configuring Git
- Working with VS Code
- Clone and Status
- Add and Commit
- Push Command
- Init Command
- Work Flow
- Git Branches
- Branch Commands
- Merging Code
- Pull Request
- Pull Command
- Resolving Merge Conflicts
- Undoing Changes
- Fork",@mrinmoykarmakar8677,Unknown time,7,Ez8F0nW6S-w,0:00 introduction 1:07 git introduction 5:00 github introduction 7:25 setting up github  setting up git  configuring git  working with vs code  clone and status  add and commit  push command  init command  work flow  git branches  branch commands  merging code  pull request  pull command  resolving merge conflicts  undoing changes  fork,0:00 introduction 1:07 git introduction 5:00 github introduction 7:25 setting github setting git configuring git working vs code clone status add commit push command init command work flow git branches branch commands merging code pull request pull command resolving merge conflicts undoing changes fork,Positive,0.20719999999999997,Neutral,0.0,0.0,Positive,0.296,0.09,0.861,0.049
comment_799815912836762975,"Thanks a ton mam for uploading such a knowledge heavy video ,which cleared all my confusion .You explained so well .",@shwetasonth8407,Unknown time,4,Ez8F0nW6S-w,"thanks a ton mam for uploading such a knowledge heavy video ,which cleared all my confusion .you explained so well .","thanks ton mam uploading knowledge heavy video , cleared confusion .you explained well .",Positive,0.41405,Neutral,0.0,0.39999999999999997,Positive,0.5915,0.268,0.648,0.084
comment_-1176450522820596941,please provide the notes which you have shown in this video... it really helps in revising efficiently.,@TricksWala,Unknown time,2,Ez8F0nW6S-w,please provide the notes which you have shown in this video... it really helps in revising efficiently.,please provide notes shown video ... really helps revising efficiently .,Positive,0.49205,Positive,0.2,0.2,Positive,0.7841,0.361,0.639,0.0
comment_2944950457185694999,"Hi , mam. I am from Bangladesh . I really enjoying your videos and it helps to know about skills which we need to build  a skilled carrier, it really amazing and also keep me  in your prayers. Thank you for your informationsÔ∏è.",@MrFr08,Unknown time,4,Ez8F0nW6S-w,"hi , mam. i am from bangladesh . i really enjoying your videos and it helps to know about skills which we need to build a skilled carrier, it really amazing and also keep me in your prayers. thank you for your informations.","hi , mam . bangladesh . really enjoying videos helps know skills need build skilled carrier , really amazing also keep prayers . thank informations .",Positive,0.7250166666666666,Positive,0.5333333333333333,0.6666666666666666,Positive,0.9167,0.248,0.752,0.0
comment_5212127695993026924,we want JavaScript long video. 10-12 hours courses,@animalviral2558,Unknown time,21,Ez8F0nW6S-w,we want javascript long video. 1012 hours courses,want javascript long video . 1012 hours courses,Positive,0.05404,Neutral,-0.05,0.4,Positive,0.0772,0.157,0.843,0.0
comment_2037975959075861823,"Dear Shradha mam, thanks for the most informative video on Git and Github, solved all my doubts..  Keep educating ..",@ShrinivasNaik,Unknown time,1,Ez8F0nW6S-w,"dear shradha mam, thanks for the most informative video on git and github, solved all my doubts.. keep educating ..","dear shradha mam , thanks informative video git github , solved doubts .. keep educating ..",Positive,0.50485,Positive,0.35,0.35,Positive,0.6597,0.295,0.62,0.085
comment_-7653349454242732417,Trim this video mam :),@AbhishekSharma-ti4sn,Unknown time,7,Ez8F0nW6S-w,trim this video mam :,trim video mam :,Neutral,0.0,Neutral,0.0,0.0,Neutral,0.0,0.0,1.0,0.0
comment_8097627976996551907,"Please take down this video and upload a new one with your own GitHub repo to let people test. You cannot ""hand-wave"" a problem you created by just putting up a notice in your comment section. Please know that this does not reflect well on all Indian programmers.",@zaw_w_lwin,Unknown time,16,Ez8F0nW6S-w,please take down this video and upload a new one with your own github repo to let people test. you cannot handwave a problem you created by just putting up a notice in your comment section. please know that this does not reflect well on all indian programmers.,please take video upload new one github repo let people test . not handwave problem created putting notice comment section . please know not reflect well indian programmers .,Positive,0.45790134680134675,Positive,0.19360269360269358,0.5811447811447811,Positive,0.7222,0.165,0.801,0.034
comment_-1462874788817966884,"very nicely explained, I mostly used these commands but still din't have much exposure at deeper level but after watching our videos now my concepts is clear Thanks",@Deepaklam41,Unknown time,0,Ez8F0nW6S-w,"very nicely explained, i mostly used these commands but still dint have much exposure at deeper level but after watching our videos now my concepts is clear thanks","nicely explained , mostly used commands but still dint much exposure deeper level but watching videos concepts clear thanks",Positive,0.6048,Positive,0.356,0.45666666666666667,Positive,0.8536,0.272,0.728,0.0
comment_-621642504794077839,"left at 35:00 , continuing tomorrow on 28 november",@Originals-yours,Unknown time,3,Ez8F0nW6S-w,"left at 35:00 , continuing tomorrow on 28 november","left 35:00 , continuing tomorrow 28 november",Neutral,0.0,Neutral,0.0,0.0,Neutral,0.0,0.0,1.0,0.0
comment_-8384185058269219763,completed this on 14/10/2024 .,@im_ap22,Unknown time,18,Ez8F0nW6S-w,completed this on 14102024 .,completed 14102024 .,Neutral,0.0,Neutral,0.0,0.0,Neutral,0.0,0.0,1.0,0.0
comment_7500095028211181262,Thank you so much for this amazing explanation.,@arindamdeka8095,Unknown time,1,Ez8F0nW6S-w,thank you so much for this amazing explanation.,thank much amazing explanation .,Positive,0.5952999999999999,Positive,0.4,0.55,Positive,0.7906,0.538,0.462,0.0
comment_-5502404144261986174,"1:07 Git Introduction
5:00 GitHub Introduction
7:25 Setting Up GitHub
16:26 Setting Up Git
 Configuring Git
 Working with VS Code
 Clone and Status
 Add and Commit
 Push Command
 Init Command
 Work Flow
 Git Branches
 Branch Commands
 Merging Code
 Pull Request
 Pull Command
 Resolving Merge Conflicts
 Undoing Changes
 Fork",@juggernaut9364,Unknown time,5,Ez8F0nW6S-w,1:07 git introduction 5:00 github introduction 7:25 setting up github 16:26 setting up git configuring git working with vs code clone and status add and commit push command init command work flow git branches branch commands merging code pull request pull command resolving merge conflicts undoing changes fork,1:07 git introduction 5:00 github introduction 7:25 setting github 16:26 setting git configuring git working vs code clone status add commit push command init command work flow git branches branch commands merging code pull request pull command resolving merge conflicts undoing changes fork,Positive,0.20719999999999997,Neutral,0.0,0.0,Positive,0.296,0.092,0.859,0.05
comment_-8559324319231205114,Thank you Apna college - it was really easy to understand how Git works with VS Code and how to use GitHub,@JahangirAlam-md9bt,Unknown time,0,Ez8F0nW6S-w,thank you apna college  it was really easy to understand how git works with vs code and how to use github,thank apna college really easy understand git works vs code use github,Positive,0.5617166666666666,Positive,0.43333333333333335,0.8333333333333334,Positive,0.6901,0.231,0.769,0.0
comment_5178068329974247169,We want delta 2.O offer,@ALKING-h5w,Unknown time,5,Ez8F0nW6S-w,we want delta 2.o offer,want delta 2.o offer,Positive,0.05404,Neutral,0.0,0.0,Positive,0.0772,0.245,0.755,0.0
comment_1419737774122589110,Please mam give an offer on delta 2.O course I don't buy before because of some reason,@ALKING-h5w,Unknown time,4,Ez8F0nW6S-w,please mam give an offer on delta 2.o course i dont buy before because of some reason,please mam give offer delta 2.o course dont buy reason,Positive,0.22273999999999997,Neutral,0.0,0.0,Positive,0.3182,0.126,0.874,0.0
comment_7263440297042387176,"Thank you, dear. You explained it very clearly and in a well-organized manner.",@smitavharavadekar9724,Unknown time,0,Ez8F0nW6S-w,"thank you, dear. you explained it very clearly and in a wellorganized manner.","thank , dear . explained clearly wellorganized manner .",Positive,0.463,Positive,0.13,0.4983333333333333,Positive,0.796,0.447,0.553,0.0
comment_-3456023763088765540,"Take the Video down.
The damage is already done.",@vishal-shinde,Unknown time,8,Ez8F0nW6S-w,take the video down. the damage is already done.,take video . damage already done .,Negative,0.3247277777777778,Negative,-0.15555555555555556,0.2888888888888889,Negative,-0.4939,0.0,0.714,0.286
comment_6013332021990847568,"just completed it , now everything is clear ... Thank you",@chetanraut6630,Unknown time,1,Ez8F0nW6S-w,"just completed it , now everything is clear ... thank you","completed , everything clear ... thank",Positive,0.43743,Neutral,0.09999999999999999,0.3833333333333333,Positive,0.6249,0.362,0.638,0.0
comment_8257683127314356129,"21:18  '~' is not root directory, it is home directory.
'/' is root directory",@hammadansari2733,Unknown time,3,Ez8F0nW6S-w,"21:18  is not root directory, it is home directory.  is root directory","21:18 not root directory , home directory . root directory",Neutral,0.0,Neutral,0.0,0.0,Neutral,0.0,0.0,1.0,0.0
comment_-7847768071230784740,Pls trim that part please.,@abh1nn,Unknown time,4,Ez8F0nW6S-w,pls trim that part please.,pls trim part please .,Positive,0.26725999999999994,Neutral,0.0,0.0,Positive,0.3818,0.545,0.455,0.0
comment_-3807842318865950659,"Hello mam.

I am unable to access git in vs code! (git: The term 'git' is not recognized as the name of a cmdlet, function, script file, or executable program.
Check the spelling of the name, or if a path was included, verify that the path is correct and try again.) This is the error that I am facing in vs code! please give me the solution about this?",@itsbhaveshsuthar,Unknown time,7,Ez8F0nW6S-w,"hello mam. i am unable to access git in vs code! git: the term git is not recognized as the name of a cmdlet, function, script file, or executable program. check the spelling of the name, or if a path was included, verify that the path is correct and try again. this is the error that i am facing in vs code! please give me the solution about this?","hello mam . unable access git vs code ! git : term git not recognized name cmdlet , function , script file , executable program . check spelling name , path included , verify path correct try . error facing vs code ! please give solution ?",Negative,0.546875,Negative,-0.78125,0.5,Positive,0.3578,0.07,0.893,0.037
comment_4455597347745685228,"Thank you mam... for the video..
Mam can you please please provide a full course video ruby on rails.....it will be very helpful for me",@sweetpie805,Unknown time,5,Ez8F0nW6S-w,thank you mam... for the video.. mam can you please please provide a full course video ruby on rails.....it will be very helpful for me,thank mam ... video .. mam please please provide full course video ruby rails ..... helpful,Positive,0.56145,Positive,0.275,0.42500000000000004,Positive,0.8479,0.327,0.673,0.0
